,Unnamed: 0,Rank,Name,Platform,Year,Genre,Publisher,NA_Sales,EU_Sales,JP_Sales,Other_Sales,Global_Sales
0,0,1,Wii Sports,Wii,2006,Sports,Nintendo,41.49,29.02,3.77,8.46,82.74
2,2,3,Mario Kart Wii,Wii,2008,Racing,Nintendo,15.85,12.88,3.79,3.31,35.82
3,3,4,Wii Sports Resort,Wii,2009,Sports,Nintendo,15.75,11.01,3.28,2.96,33.0
4,4,5,Pokemon Red/Pokemon Blue,GB,1996,Role-Playing,Nintendo,11.27,8.89,10.22,1.0,31.37
5,5,6,Tetris,GB,1989,Puzzle,Nintendo,23.2,2.26,4.22,0.58,30.26
6,6,7,New Super Mario Bros.,DS,2006,Platform,Nintendo,11.38,9.23,6.5,2.9,30.01
7,7,8,Wii Play,Wii,2006,Misc,Nintendo,14.03,9.2,2.93,2.85,29.02
8,8,9,New Super Mario Bros. Wii,Wii,2009,Platform,Nintendo,14.59,7.06,4.7,2.26,28.62
9,9,10,Duck Hunt,NES,1984,Shooter,Nintendo,26.93,0.63,0.28,0.47,28.31
10,10,11,Nintendogs,DS,2005,Simulation,Nintendo,9.07,11.0,1.93,2.75,24.76
11,11,12,Mario Kart DS,DS,2005,Racing,Nintendo,9.81,7.57,4.13,1.92,23.42
12,12,13,Pokemon Gold/Pokemon Silver,GB,1999,Role-Playing,Nintendo,9.0,6.18,7.2,0.71,23.1
13,13,14,Wii Fit,Wii,2007,Sports,Nintendo,8.94,8.03,3.6,2.15,22.72
14,14,15,Wii Fit Plus,Wii,2009,Sports,Nintendo,9.09,8.59,2.53,1.79,22.0
18,18,19,Super Mario World,SNES,1990,Platform,Nintendo,12.78,3.75,3.54,0.55,20.61
19,19,20,Brain Age: Train Your Brain in Minutes a Day,DS,2005,Misc,Nintendo,4.75,9.26,4.16,2.05,20.22
20,20,21,Pokemon Diamond/Pokemon Pearl,DS,2006,Role-Playing,Nintendo,6.42,4.52,6.04,1.37,18.36
21,21,22,Super Mario Land,GB,1989,Platform,Nintendo,10.83,2.71,4.18,0.42,18.14
22,22,23,Super Mario Bros. 3,NES,1988,Platform,Nintendo,9.54,3.44,3.84,0.46,17.28
25,25,26,Pokemon Ruby/Pokemon Sapphire,GBA,2002,Role-Playing,Nintendo,6.06,3.9,5.38,0.5,15.85
26,26,27,Pokemon Black/Pokemon White,DS,2010,Role-Playing,Nintendo,5.57,3.28,5.65,0.82,15.32
27,27,28,Brain Age 2: More Training in Minutes a Day,DS,2005,Puzzle,Nintendo,3.44,5.36,5.32,1.18,15.3
30,30,31,Pok?mon Yellow: Special Pikachu Edition,GB,1998,Role-Playing,Nintendo,5.89,5.04,3.12,0.59,14.64
32,32,33,Pokemon X/Pokemon Y,3DS,2013,Role-Playing,Nintendo,5.17,4.05,4.34,0.79,14.35
39,39,40,Super Smash Bros. Brawl,Wii,2008,Fighting,Nintendo,6.75,2.61,2.66,1.02,13.04
41,41,42,Animal Crossing: Wild World,DS,2005,Simulation,Nintendo,2.55,3.52,5.33,0.88,12.27
42,42,43,Mario Kart 7,3DS,2011,Racing,Nintendo,4.74,3.91,2.67,0.89,12.21
45,45,46,Pokemon HeartGold/Pokemon SoulSilver,DS,2009,Action,Nintendo,4.4,2.77,3.96,0.77,11.9
46,46,47,Super Mario 64,N64,1996,Platform,Nintendo,6.91,2.85,1.91,0.23,11.89
48,48,49,Super Mario Galaxy,Wii,2007,Platform,Nintendo,6.16,3.4,1.2,0.76,11.52
49,49,50,Pokemon Omega Ruby/Pokemon Alpha Sapphire,3DS,2014,Role-Playing,Nintendo,4.23,3.37,3.08,0.65,11.33
50,50,51,Super Mario Land 2: 6 Golden Coins,GB,1992,Adventure,Nintendo,6.16,2.04,2.69,0.29,11.18
53,53,54,Super Mario 3D Land,3DS,2011,Platform,Nintendo,4.89,2.99,2.13,0.78,10.79
57,57,58,Super Mario All-Stars,SNES,1993,Platform,Nintendo,5.99,2.15,2.12,0.29,10.55
58,58,59,Pokemon FireRed/Pokemon LeafGreen,GBA,2004,Role-Playing,Nintendo,4.34,2.65,3.15,0.35,10.49
59,59,60,Super Mario 64,DS,2004,Platform,Nintendo,5.08,3.11,1.25,0.98,10.42
63,63,64,Mario Kart 64,N64,1996,Racing,Nintendo,5.55,1.94,2.23,0.15,9.87
64,64,65,New Super Mario Bros. 2,3DS,2012,Platform,Nintendo,3.66,3.07,2.47,0.63,9.82
71,71,72,Donkey Kong Country,SNES,1994,Platform,Nintendo,4.36,1.71,3.0,0.23,9.3
73,73,74,Animal Crossing: New Leaf,3DS,2012,Simulation,Nintendo,2.01,2.32,4.36,0.41,9.09
74,74,75,Mario Party DS,DS,2007,Misc,Nintendo,4.46,1.88,1.98,0.7,9.02
76,76,77,Super Mario Kart,SNES,1992,Racing,Nintendo,3.54,1.24,3.81,0.18,8.76
78,78,79,Wii Party,Wii,2010,Misc,Nintendo,1.79,3.53,2.49,0.68,8.49
80,80,81,Mario Party 8,Wii,2007,Misc,Nintendo,3.81,2.3,1.58,0.73,8.42
81,81,82,Pokemon Black 2/Pokemon White 2,DS,2012,Role-Playing,Nintendo,2.91,1.86,3.14,0.43,8.33
84,84,85,GoldenEye 007,N64,1997,Shooter,Nintendo,5.8,2.01,0.13,0.15,8.09
88,88,89,Pok?mon Platinum Version,DS,2008,Role-Playing,Nintendo,2.82,1.78,2.69,0.55,7.84
91,91,92,Super Mario Galaxy 2,Wii,2010,Platform,Nintendo,3.66,2.42,0.98,0.64,7.69
94,94,95,The Legend of Zelda: Ocarina of Time,N64,1998,Action,Nintendo,4.1,1.89,1.45,0.16,7.6
96,96,97,Super Mario Bros. 2,NES,1988,Platform,Nintendo,5.39,1.18,0.7,0.19,7.46
97,97,98,Super Smash Bros. for Wii U and 3DS,3DS,2014,Fighting,Nintendo,3.24,1.35,2.42,0.43,7.45
100,100,101,The Legend of Zelda: Twilight Princess,Wii,2006,Action,Nintendo,3.83,2.19,0.6,0.7,7.31
107,107,108,Super Smash Bros. Melee,GC,2001,Fighting,Nintendo,4.41,1.04,1.39,0.22,7.07
108,108,109,Mario Kart 8,WiiU,2014,Racing,Nintendo,3.13,2.07,1.27,0.49,6.96
110,110,111,Mario Kart: Double Dash!!,GC,2003,Racing,Nintendo,4.12,1.77,0.87,0.19,6.95
122,122,123,Big Brain Academy,DS,2005,Misc,Nintendo,1.67,2.78,1.6,0.62,6.67
125,125,126,Donkey Kong Country Returns,Wii,2010,Platform,Nintendo,3.25,1.84,1.03,0.47,6.59
127,127,128,The Legend of Zelda,NES,1986,Action,Nintendo,3.74,0.93,1.69,0.14,6.51
130,130,131,Pok?mon Emerald Version,GBA,2004,Role-Playing,Nintendo,2.57,1.58,2.06,0.21,6.41
132,132,133,Pok?mon Crystal Version,GB,2000,Role-Playing,Nintendo,2.55,1.56,1.29,0.99,6.39
135,135,136,Super Mario Sunshine,GC,2002,Platform,Nintendo,4.01,1.26,0.87,0.17,6.31
149,149,150,Dragon Quest IX: Sentinels of the Starry Skies,DS,2009,Role-Playing,Nintendo,0.66,0.69,4.35,0.15,5.84
155,155,156,Tetris,NES,1988,Puzzle,Nintendo,2.97,0.69,1.81,0.11,5.58
157,157,158,Super Smash Bros.,N64,1999,Fighting,Nintendo,2.95,0.6,1.97,0.04,5.55
162,162,163,Super Mario Advance,GBA,2001,Platform,Nintendo,3.14,1.24,0.91,0.2,5.49
163,163,164,Mario Kart: Super Circuit,GBA,2001,Racing,Nintendo,2.62,1.64,0.99,0.23,5.47
164,164,165,Super Mario World,GBA,2001,Platform,Nintendo,3.21,1.11,0.95,0.2,5.46
165,165,166,Pokemon Stadium,N64,1999,Strategy,Nintendo,3.18,1.24,0.94,0.09,5.45
170,170,171,Dr. Mario,GB,1989,Puzzle,Nintendo,2.18,0.96,2.0,0.2,5.34
171,171,172,Pokemon Pinball,GB,1999,Misc,Nintendo,3.02,1.12,1.01,0.16,5.31
175,175,176,Donkey Kong 64,N64,1999,Platform,Nintendo,3.33,0.79,1.09,0.06,5.27
177,177,178,Professor Layton and the Curious Village,DS,2007,Puzzle,Nintendo,1.22,2.48,1.03,0.52,5.26
181,182,183,Super Mario Bros. 3,GBA,2003,Platform,Nintendo,2.93,1.25,0.83,0.2,5.2
182,183,184,New Super Mario Bros. U,WiiU,2012,Platform,Nintendo,2.32,1.3,1.27,0.31,5.19
183,184,185,Super Mario Land 3: Wario Land,GB,1994,Platform,Nintendo,2.49,0.98,1.57,0.15,5.19
185,186,187,The Legend of Zelda: Phantom Hourglass,DS,2007,Action,Nintendo,1.9,1.83,0.95,0.49,5.17
186,187,188,Donkey Kong Country 2: Diddy's Kong Quest,SNES,1995,Platform,Nintendo,2.1,0.74,2.2,0.11,5.15
187,188,189,Tomodachi Life,3DS,2013,Simulation,Nintendo,0.96,2.02,1.89,0.28,5.15
190,191,192,Kirby's Dream Land,GB,1992,Platform,Nintendo,2.71,0.61,1.7,0.11,5.13
199,200,201,Super Mario Bros.,GB,1999,Platform,Nintendo,3.4,1.3,0.15,0.22,5.07
202,203,204,Super Smash Bros. for Wii U and 3DS,WiiU,2014,Fighting,Nintendo,2.59,1.06,0.8,0.57,5.02
205,206,207,Link's Crossbow Training,Wii,2007,Shooter,Nintendo,3.06,1.18,0.29,0.46,5.0
208,209,210,Pokemon Mystery Dungeon: Explorers of Time/Explorers of Darkness,DS,2007,Role-Playing,Nintendo,1.85,1.2,1.54,0.37,4.96
212,213,214,Diddy Kong Racing,N64,1997,Racing,Nintendo,2.91,0.99,0.89,0.1,4.88
214,215,216,Dr. Mario,NES,1990,Puzzle,Nintendo,2.62,0.6,1.52,0.1,4.85
225,226,227,Animal Crossing: City Folk,Wii,2008,Simulation,Nintendo,1.87,1.12,1.32,0.37,4.68
230,231,232,The Legend of Zelda: A Link to the Past,SNES,1991,Action,Nintendo,2.42,0.91,1.15,0.13,4.61
231,232,233,The Legend of Zelda: The Wind Waker,GC,2002,Action,Nintendo,2.6,0.99,0.89,0.13,4.6
233,234,235,Luigi's Mansion: Dark Moon,3DS,2013,Action,Nintendo,1.78,1.39,1.1,0.3,4.58
234,235,236,Splatoon,WiiU,2015,Shooter,Nintendo,1.55,1.15,1.44,0.43,4.57
245,246,247,Nintendo Land,WiiU,2012,Misc,Nintendo,2.55,1.11,0.46,0.33,4.44
250,251,252,Zelda II: The Adventure of Link,NES,1987,Adventure,Nintendo,2.19,0.5,1.61,0.08,4.38
260,261,262,Super Mario 3D World,WiiU,2013,Platform,Nintendo,2.11,1.11,0.72,0.3,4.25
267,268,269,The Legend of Zelda: Ocarina of Time,3DS,2011,Action,Nintendo,2.03,1.27,0.62,0.3,4.21
276,277,278,Excitebike,NES,1984,Racing,Nintendo,2.04,0.48,1.57,0.07,4.16
281,282,283,Super Mario World 2: Yoshi's Island,SNES,1995,Platform,Nintendo,1.65,0.61,1.76,0.09,4.12
283,284,285,The Legend of Zelda: Skyward Sword,Wii,2011,Action,Nintendo,2.14,1.2,0.37,0.4,4.1
295,296,297,Star Fox 64,N64,1997,Shooter,Nintendo,2.78,0.58,0.64,0.04,4.03
297,298,299,Golf,NES,1984,Sports,Nintendo,1.22,0.28,2.46,0.04,4.01
299,300,301,Professor Layton and the Diabolical Box,DS,2007,Puzzle,Nintendo,0.92,1.78,0.92,0.37,4.0
304,305,306,Donkey Kong Land,GB,1994,Platform,Nintendo,1.97,0.76,1.07,0.11,3.91
307,308,309,Monster Hunter 4 Ultimate,3DS,2014,Role-Playing,Nintendo,0.67,0.49,2.62,0.11,3.89
315,316,317,Flash Focus: Vision Training in Minutes a Day,DS,2007,Misc,Nintendo,0.87,1.57,1.05,0.35,3.84
317,318,319,The Legend of Zelda: Link's Awakening,GB,1992,Action,Nintendo,2.21,0.96,0.54,0.13,3.83
318,319,320,Mario & Luigi: Bowser's Inside Story,DS,2009,Role-Playing,Nintendo,2.26,0.48,0.81,0.27,3.83
319,320,321,Big Brain Academy: Wii Degree,Wii,2007,Misc,Nintendo,1.06,1.93,0.41,0.43,3.82
320,321,322,Nintendogs + cats,3DS,2011,Simulation,Nintendo,1.44,1.37,0.73,0.27,3.81
328,329,330,Super Paper Mario,Wii,2007,Platform,Nintendo,1.98,0.88,0.59,0.32,3.76
334,335,336,Pok?mon Trading Card Game,GB,1998,Strategy,Nintendo,1.49,0.73,1.38,0.1,3.7
337,338,339,Friend Collection,DS,2009,Misc,Nintendo,0.0,0.0,3.67,0.0,3.67
340,341,342,Banjo-Kazooie,N64,1998,Platform,Nintendo,1.87,1.13,0.55,0.1,3.65
345,346,347,Pokemon Snap,N64,1999,Simulation,Nintendo,2.23,0.68,0.66,0.06,3.63
355,356,357,Luigi's Mansion,GC,2001,Action,Nintendo,2.38,0.67,0.46,0.1,3.6
371,372,373,Donkey Kong Country 3: Dixie Kong's Double Trouble!,SNES,1996,Platform,Nintendo,1.17,0.5,1.75,0.08,3.51
373,374,375,Kung Fu,NES,1985,Action,Nintendo,1.64,0.38,1.42,0.06,3.5
375,376,377,Clubhouse Games,DS,2006,Misc,Nintendo,0.59,1.83,0.73,0.35,3.5
389,391,392,F-1 Race,GB,1990,Racing,Nintendo,1.73,0.69,0.59,0.4,3.41
394,396,397,The Legend of Zelda: Spirit Tracks,DS,2009,Action,Nintendo,1.43,0.94,0.74,0.27,3.38
396,398,399,The Legend of Zelda: Majora's Mask,N64,2000,Action,Nintendo,1.9,0.67,0.73,0.06,3.36
397,399,400,Professor Layton and the Unwound Future,DS,2008,Puzzle,Nintendo,0.65,1.61,0.82,0.28,3.36
400,402,403,English Training: Have Fun Improving Your Skills!,DS,2006,Misc,Nintendo,0.0,0.99,2.32,0.02,3.33
403,405,406,Mario Party 9,Wii,2012,Misc,Nintendo,1.15,1.17,0.76,0.24,3.32
410,412,413,Wii Music,Wii,2008,Misc,Nintendo,1.36,1.13,0.46,0.32,3.27
417,419,420,Yokai Watch 2 Ganso/Honke,3DS,2014,Role-Playing,Nintendo,0.03,0.0,3.18,0.0,3.22
419,421,422,Baseball,NES,1983,Sports,Nintendo,0.73,0.1,2.35,0.02,3.2
420,422,423,Killer Instinct,SNES,1995,Fighting,Nintendo,2.26,0.72,0.12,0.1,3.2
427,429,430,Super Mario Maker,WiiU,2015,Platform,Nintendo,1.18,0.87,0.93,0.2,3.18
429,432,433,Rhythm Heaven,DS,2008,Misc,Nintendo,0.58,0.51,1.93,0.14,3.17
432,435,436,Animal Crossing,GC,2001,Simulation,Nintendo,1.92,0.16,0.99,0.09,3.15
440,443,444,Star Wars Episode I Racer,N64,1999,Racing,Nintendo,2.31,0.62,0.14,0.04,3.12
441,444,445,Personal Trainer: Cooking,DS,2006,Misc,Nintendo,0.91,1.0,1.03,0.17,3.12
451,454,455,The Legend of Zelda: A Link Between Worlds,3DS,2013,Action,Nintendo,1.4,0.99,0.46,0.22,3.07
452,455,456,Donkey Kong,GB,1994,Platform,Nintendo,1.57,0.62,0.55,0.34,3.07
462,465,466,Mike Tyson's Punch-Out!!,NES,1987,Fighting,Nintendo,2.03,0.47,0.45,0.07,3.02
468,472,473,Star Fox,SNES,1993,Shooter,Nintendo,1.61,0.51,0.8,0.07,2.99
472,476,477,Animal Crossing: Happy Home Designer,3DS,2015,Simulation,Nintendo,0.47,1.0,1.39,0.12,2.98
477,481,482,Kirby Super Star Ultra,DS,2008,Platform,Nintendo,1.57,0.04,1.19,0.15,2.96
480,484,485,Wave Race 64,N64,1996,Racing,Nintendo,1.98,0.58,0.34,0.04,2.94
486,490,491,WarioWare: Smooth Moves,Wii,2006,Puzzle,Nintendo,0.87,1.06,0.73,0.26,2.92
488,492,493,Super Mario World 2: Yoshi's Island,GBA,2002,Platform,Nintendo,1.75,0.45,0.62,0.09,2.91
505,509,510,F-Zero,SNES,1990,Racing,Nintendo,1.37,0.51,0.89,0.07,2.85
506,510,511,Yoshi's Story,N64,1997,Platform,Nintendo,1.29,0.53,0.98,0.05,2.85
515,519,520,Metroid Prime,GC,2002,Shooter,Nintendo,1.96,0.67,0.1,0.09,2.82
522,526,527,Yoshi's Island DS,DS,2006,Platform,Nintendo,1.47,0.07,1.1,0.15,2.8
531,535,536,Professor Layton and the Last Specter,DS,2009,Puzzle,Nintendo,0.3,1.47,0.68,0.34,2.79
532,536,537,Monster Hunter Tri,3DS,2011,Role-Playing,Nintendo,0.46,0.29,1.96,0.07,2.79
541,545,546,Mario Paint,SNES,1992,Misc,Nintendo,1.43,0.54,0.71,0.07,2.75
543,547,548,Pok?mon Stadium 2,N64,2000,Strategy,Nintendo,1.02,0.36,1.13,0.23,2.73
544,548,549,Metroid,NES,1986,Action,Nintendo,1.33,0.31,1.04,0.05,2.73
547,551,552,The Legend of Zelda: A Link to the Past,GBA,2002,Action,Nintendo,1.75,0.52,0.33,0.1,2.7
550,554,555,Mario Party,N64,1998,Misc,Nintendo,1.25,0.53,0.87,0.05,2.7
554,558,559,Mario vs. Donkey Kong: Mini-Land Mayhem!,DS,2010,Puzzle,Nintendo,1.63,0.52,0.35,0.18,2.69
569,573,574,Super Mario Bros.: The Lost Levels,NES,1986,Platform,Nintendo,0.0,0.0,2.65,0.0,2.65
570,574,575,Star Wars: Shadows of the Empire,N64,1996,Action,Nintendo,2.0,0.5,0.12,0.03,2.65
577,581,582,Mario Strikers Charged,Wii,2007,Sports,Nintendo,1.07,1.06,0.24,0.25,2.62
581,585,586,Style Savvy,DS,2008,Simulation,Nintendo,0.63,0.84,0.96,0.19,2.61
583,587,588,Super Mario All-Stars: Limited Edition,Wii,2010,Platform,Nintendo,1.02,0.52,0.92,0.14,2.6
594,598,599,Art Academy,DS,2010,Misc,Nintendo,0.28,1.68,0.33,0.28,2.57
600,604,605,Pok?mon Colosseum,GC,2003,Role-Playing,Nintendo,1.21,0.57,0.7,0.07,2.54
604,609,610,Perfect Dark,N64,2000,Action,Nintendo,1.55,0.75,0.16,0.06,2.52
610,615,616,Mario Party 2,N64,1999,Misc,Nintendo,1.28,0.14,1.08,0.01,2.5
620,626,627,Mario Party 4,GC,2002,Misc,Nintendo,1.13,0.36,0.92,0.07,2.47
632,638,639,Ice Hockey,NES,1988,Sports,Nintendo,1.27,0.32,0.78,0.05,2.42
641,647,648,Pro Wrestling,NES,1987,Fighting,Nintendo,0.77,0.18,1.42,0.03,2.4
662,670,672,Kirby's Dream Land 2,GB,1995,Platform,Nintendo,0.69,0.14,1.48,0.05,2.36
664,672,674,Donkey Kong Land II,GB,1996,Platform,Nintendo,1.39,0.48,0.4,0.08,2.35
672,680,682,The Legend of Zelda: Majora's Mask 3D,3DS,2015,Action,Nintendo,1.14,0.54,0.47,0.17,2.32
675,683,685,Mario Tennis,N64,2000,Sports,Nintendo,0.78,0.4,1.06,0.07,2.32
678,686,688,WarioWare Touched!,DS,2004,Puzzle,Nintendo,0.52,0.45,1.21,0.13,2.31
684,692,694,Pokemon Ranger: Shadows of Almia,DS,2008,Role-Playing,Nintendo,0.95,0.54,0.62,0.18,2.3
692,700,702,Mario Bros.,NES,1983,Platform,Nintendo,0.51,0.12,1.63,0.02,2.28
697,705,707,Paper Mario: Sticker Star,3DS,2012,Role-Playing,Nintendo,1.12,0.39,0.64,0.12,2.27
700,708,710,Kirby: Nightmare in Dream Land,GBA,2002,Platform,Nintendo,1.22,0.1,0.91,0.04,2.27
701,709,711,Wario Land 4,GBA,2001,Platform,Nintendo,0.9,0.73,0.54,0.09,2.26
707,716,718,Paper Mario: The Thousand-Year Door,GC,2004,Role-Playing,Nintendo,1.48,0.25,0.46,0.06,2.25
709,718,720,Monster Hunter Tri,Wii,2009,Role-Playing,Nintendo,0.67,0.41,1.05,0.11,2.25
716,725,727,New Super Luigi U,WiiU,2013,Platform,Nintendo,1.27,0.62,0.18,0.16,2.22
719,728,730,The Legend of Zelda: Link's Awakening DX,GB,1998,Adventure,Nintendo,1.0,0.63,0.45,0.13,2.22
727,736,738,Wario Land 3,GB,2000,Platform,Nintendo,1.11,0.51,0.34,0.23,2.2
734,743,745,Kirby's Pinball Land,GB,1992,Misc,Nintendo,0.87,0.17,1.1,0.05,2.19
735,744,746,Donkey Kong Country,GB,2000,Platform,Nintendo,1.04,0.72,0.3,0.13,2.19
741,750,752,Pokemon Ranger,DS,2006,Role-Playing,Nintendo,1.29,0.04,0.73,0.12,2.18
742,751,753,Mario & Luigi: Superstar Saga,GBA,2003,Role-Playing,Nintendo,1.48,0.17,0.47,0.06,2.17
744,753,755,Star Wars: Rogue Squadron,N64,1998,Simulation,Nintendo,1.6,0.46,0.08,0.03,2.17
745,754,756,Tennis,NES,1984,Sports,Nintendo,0.48,0.11,1.56,0.02,2.17
750,759,761,Volleyball,NES,1987,Sports,Nintendo,0.14,0.03,1.98,0.0,2.15
753,762,764,Super Mario RPG: Legend of the Seven Stars,SNES,1996,Role-Playing,Nintendo,0.66,0.0,1.45,0.03,2.14
754,763,765,Mahjong,NES,1983,Misc,Nintendo,0.01,0.0,2.13,0.0,2.14
755,764,766,R.C. Pro-Am,NES,1988,Racing,Nintendo,1.47,0.38,0.19,0.1,2.14
759,768,770,Tetris DS,DS,2006,Puzzle,Nintendo,0.64,0.07,1.35,0.08,2.13
764,773,775,Kirby's Epic Yarn,Wii,2010,Platform,Nintendo,1.47,0.09,0.45,0.11,2.12
766,775,777,Golf,GB,1989,Sports,Nintendo,0.83,0.33,0.92,0.04,2.12
772,781,783,Mario Sports Mix,Wii,2010,Sports,Nintendo,0.9,0.45,0.63,0.13,2.11
793,803,805,Mario Party 5,GC,2003,Misc,Nintendo,0.97,0.33,0.73,0.06,2.08
806,816,818,Pokemon Mystery Dungeon: Red/Blue Rescue Team,GBA,2005,Role-Playing,Nintendo,0.71,0.52,0.74,0.08,2.06
810,820,822,Mario & Luigi: Dream Team,3DS,2013,Role-Playing,Nintendo,0.89,0.57,0.46,0.13,2.06
814,824,826,Pok?mon Mystery Dungeon: Blue Rescue Team,DS,2005,Role-Playing,Nintendo,1.16,0.06,0.83,0.0,2.05
824,834,836,Donkey Kong Country,GBA,2003,Platform,Nintendo,1.2,0.48,0.29,0.07,2.04
827,837,839,1080?: TenEighty Snowboarding,N64,1998,Sports,Nintendo,1.25,0.61,0.13,0.05,2.03
837,847,849,Fire Emblem: Awakening,3DS,2012,Role-Playing,Nintendo,0.89,0.45,0.53,0.13,2.0
839,849,851,Super Street Fighter II,SNES,1993,Fighting,Nintendo,0.52,0.16,1.29,0.03,2.0
842,852,854,Tennis,GB,1989,Sports,Nintendo,0.75,0.3,0.9,0.04,1.99
845,855,857,SimCity,SNES,1991,Simulation,Nintendo,0.93,0.27,0.75,0.04,1.98
857,867,869,Rad Racer,NES,1986,Racing,Nintendo,1.13,0.37,0.41,0.05,1.96
858,868,870,Soccer,NES,1985,Sports,Nintendo,0.18,0.23,1.53,0.02,1.96
859,869,871,Kirby Squeak Squad,DS,2006,Platform,Nintendo,0.79,0.03,1.05,0.08,1.96
870,880,882,Alleyway,GB,1989,Puzzle,Nintendo,0.96,0.38,0.55,0.05,1.94
879,889,891,Tetris DX,GB,1998,Puzzle,Nintendo,1.06,0.6,0.2,0.07,1.93
882,892,894,Mario Super Sluggers,Wii,2008,Sports,Nintendo,1.51,0.0,0.29,0.12,1.93
884,894,896,The Legend of Zelda: Oracle of Ages,GB,2001,Action,Nintendo,0.92,0.53,0.41,0.06,1.92
892,902,904,Mario Party 3,N64,2000,Misc,Nintendo,0.72,0.16,1.01,0.02,1.91
901,911,913,Yokai Watch,3DS,2013,Role-Playing,Nintendo,0.21,0.3,1.33,0.04,1.89
909,919,921,Star Fox Adventures,GC,2002,Adventure,Nintendo,0.96,0.53,0.3,0.09,1.87
912,922,924,Donkey Kong Country Returns,3DS,2013,Platform,Nintendo,0.73,0.62,0.4,0.12,1.87
913,923,925,The Legend of Zelda: Oracle of Seasons,GB,2001,Adventure,Nintendo,0.87,0.52,0.41,0.06,1.86
924,934,936,Mario Party: Island Tour,3DS,2013,Misc,Nintendo,0.61,0.59,0.55,0.11,1.85
928,938,940,Pinball,NES,1984,Action,Nintendo,0.8,0.19,0.83,0.03,1.85
933,943,945,"Hey You, Pikachu!",N64,1998,Simulation,Nintendo,0.83,0.06,0.93,0.0,1.83
941,951,953,Kirby: Triple Deluxe,3DS,2014,Platform,Nintendo,0.61,0.34,0.79,0.09,1.82
945,955,957,Metroid Prime 3: Corruption,Wii,2007,Shooter,Nintendo,0.91,0.74,0.07,0.09,1.82
946,956,958,Dragon Quest VI: Realms of Revelation,DS,2010,Role-Playing,Nintendo,0.22,0.21,1.35,0.03,1.81
965,975,977,Professor Layton and the Mask of Miracle,3DS,2011,Puzzle,Nintendo,0.32,0.95,0.36,0.14,1.78
968,978,980,The Legend of Zelda: The Wind Waker,WiiU,2013,Action,Nintendo,0.93,0.57,0.14,0.13,1.77
971,981,983,Wii Party U,WiiU,2013,Misc,Nintendo,0.31,0.54,0.84,0.08,1.77
974,984,986,Kirby 64: The Crystal Shards,N64,2000,Platform,Nintendo,0.63,0.06,1.03,0.04,1.77
977,987,989,Metroid II: Return of Samus,GB,1991,Adventure,Nintendo,0.85,0.31,0.56,0.04,1.76
980,990,992,Golden Sun,GBA,2001,Role-Playing,Nintendo,0.93,0.38,0.4,0.06,1.76
982,992,994,Kid Icarus,NES,1986,Platform,Nintendo,0.53,0.12,1.09,0.02,1.76
998,1008,1010,Yoshi,NES,1991,Puzzle,Nintendo,0.7,0.13,0.91,0.01,1.75
1000,1010,1012,Kirby's Adventure,NES,1993,Platform,Nintendo,0.79,0.14,0.8,0.02,1.75
1010,1020,1022,Cruis'n USA,N64,1996,Racing,Nintendo,1.69,0.04,0.0,0.01,1.74
1036,1046,1048,Kanshuu Nippon Joushikiryoku Kentei Kyoukai: Imasara Hito ni wa Kikenai Otona no Joushikiryoku Training DS,DS,2006,Misc,Nintendo,0.0,0.0,1.71,0.0,1.71
1042,1052,1054,Personal Trainer: Math,DS,2007,Puzzle,Nintendo,0.49,1.12,0.0,0.09,1.7
1043,1053,1055,Kirby's Return to Dreamland,Wii,2011,Platform,Nintendo,0.62,0.21,0.79,0.08,1.7
1066,1076,1078,Yoshi's Cookie,GB,1992,Puzzle,Nintendo,0.59,0.24,0.82,0.03,1.68
1071,1081,1083,Metroid Fusion,GBA,2002,Action,Nintendo,1.18,0.27,0.17,0.06,1.68
1097,1107,1109,Mario Party 6,GC,2004,Misc,Nintendo,0.9,0.11,0.6,0.05,1.65
1098,1108,1110,Super Scope 6,SNES,1991,Shooter,Nintendo,1.06,0.38,0.15,0.05,1.65
1103,1113,1115,Kirby & the Amazing Mirror,GBA,2004,Platform,Nintendo,0.8,0.05,0.76,0.03,1.64
1115,1125,1127,Pikmin,GC,2001,Strategy,Nintendo,0.78,0.25,0.56,0.04,1.63
1124,1136,1138,Mario Hoops 3 on 3,DS,2006,Sports,Nintendo,0.99,0.04,0.49,0.1,1.62
1125,1137,1139,Kirby Air Ride,GC,2003,Racing,Nintendo,1.01,0.11,0.45,0.04,1.62
1127,1139,1141,Pokemon Battle Revolution,Wii,2006,Role-Playing,Nintendo,0.8,0.38,0.3,0.13,1.61
1130,1142,1144,Baseball,GB,1989,Sports,Nintendo,0.66,0.27,0.65,0.03,1.61
1132,1144,1146,Super Mario Strikers,GC,2005,Sports,Nintendo,0.98,0.38,0.2,0.04,1.61
1148,1160,1162,The Legend of Zelda: Twilight Princess,GC,2006,Action,Nintendo,1.15,0.36,0.04,0.04,1.59
1166,1178,1180,Pokemon Mystery Dungeon: Explorers of Sky,DS,2009,Role-Playing,Nintendo,0.58,0.44,0.44,0.12,1.58
1171,1183,1185,Mario Party 7,GC,2005,Misc,Nintendo,0.95,0.11,0.46,0.04,1.57
1175,1187,1189,Donkey Kong Classics,NES,1988,Platform,Nintendo,0.59,0.14,0.81,0.02,1.56
1180,1192,1194,Pokemon Pinball: Ruby & Sapphire,GBA,2003,Misc,Nintendo,0.68,0.38,0.44,0.05,1.56
1195,1207,1209,Mario Party 10,WiiU,2015,Misc,Nintendo,0.69,0.5,0.24,0.11,1.55
1198,1210,1212,Fire Emblem Fates,3DS,2015,Role-Playing,Nintendo,0.71,0.22,0.52,0.1,1.54
1213,1225,1227,Mario Golf: Toadstool Tour,GC,2003,Sports,Nintendo,1.09,0.15,0.25,0.04,1.53
1215,1227,1229,Donkey Kong Country: Tropical Freeze,WiiU,2014,Platform,Nintendo,0.73,0.52,0.15,0.12,1.52
1221,1233,1235,F1 Race,NES,1984,Racing,Nintendo,0.0,0.0,1.52,0.0,1.52
1248,1260,1262,Ice Climber,NES,1985,Platform,Nintendo,0.46,0.1,0.92,0.02,1.5
1255,1267,1269,Final Fantasy: Crystal Chronicles,GC,2003,Role-Playing,Nintendo,0.72,0.38,0.36,0.04,1.49
1259,1271,1273,Banjo-Tooie,N64,2000,Platform,Nintendo,0.82,0.36,0.25,0.06,1.49
1263,1275,1277,New Play Control! Mario Power Tennis,Wii,2009,Sports,Nintendo,0.37,0.69,0.28,0.14,1.48
1266,1278,1280,Nintendo World Cup,NES,1990,Sports,Nintendo,0.28,0.5,0.65,0.05,1.48
1268,1280,1282,Wario Land II,GB,1997,Platform,Nintendo,0.7,0.35,0.39,0.04,1.48
1276,1288,1290,Mario Golf,N64,1999,Action,Nintendo,0.62,0.18,0.65,0.02,1.47
1295,1308,1310,Mario Superstar Baseball,GC,2005,Sports,Nintendo,0.93,0.24,0.25,0.04,1.46
1301,1314,1316,LEGO City Undercover,3DS,2013,Platform,Nintendo,0.51,0.75,0.07,0.12,1.46
1311,1324,1326,4 Nin uchi Mahjong,NES,1984,Misc,Nintendo,0.0,0.0,1.45,0.0,1.45
1323,1336,1338,Kirby Super Star,SNES,1996,Platform,Nintendo,0.26,0.07,1.09,0.02,1.44
1338,1351,1353,Classic NES Series: Super Mario Bros.,GBA,2004,Platform,Nintendo,0.0,0.0,1.39,0.03,1.43
1344,1357,1359,The Legend of Zelda: The Minish Cap,GBA,2004,Action,Nintendo,0.89,0.22,0.22,0.1,1.42
1347,1360,1362,Super Metroid,SNES,1994,Action,Nintendo,0.57,0.12,0.71,0.02,1.42
1351,1364,1366,Inazuma Eleven 2,DS,2009,Role-Playing,Nintendo,0.0,0.21,1.18,0.03,1.42
1361,1374,1376,Metroid: Other M,Wii,2010,Action,Nintendo,0.87,0.31,0.13,0.1,1.41
1388,1401,1403,Paper Mario,N64,2000,Role-Playing,Nintendo,0.58,0.18,0.59,0.02,1.38
1389,1402,1404,Bravely Default: Flying Fairy,3DS,2012,Role-Playing,Nintendo,0.5,0.32,0.49,0.07,1.38
1408,1421,1423,Pocket Monsters Stadium,N64,1998,Strategy,Nintendo,0.0,0.0,1.37,0.0,1.37
1417,1430,1432,Yoshi's New Island,3DS,2014,Platform,Nintendo,0.47,0.51,0.28,0.09,1.36
1442,1456,1458,Mario & Luigi: Partners in Time,DS,2005,Role-Playing,Nintendo,0.77,0.07,0.43,0.08,1.34
1446,1460,1462,Donkey Kong Jungle Beat,GC,2004,Platform,Nintendo,0.84,0.22,0.24,0.04,1.34
1462,1476,1478,Metroid Prime 2: Echoes,GC,2004,Shooter,Nintendo,0.87,0.35,0.07,0.04,1.33
1467,1481,1483,Pokemon Ranger: Guardian Signs,DS,2010,Role-Playing,Nintendo,0.51,0.17,0.58,0.06,1.33
1476,1490,1492,Gyromite,NES,1985,Puzzle,Nintendo,0.73,0.16,0.4,0.03,1.32
1510,1526,1528,Yoshi's Woolly World,WiiU,2015,Platform,Nintendo,0.61,0.47,0.11,0.1,1.29
1519,1535,1537,Mystery Case Files: MillionHeir,DS,2008,Adventure,Nintendo,0.76,0.4,0.0,0.12,1.29
1526,1542,1544,Yakuman,GB,1989,Misc,Nintendo,0.0,0.0,1.28,0.0,1.28
1532,1548,1550,Kid Icarus: Uprising,3DS,2012,Action,Nintendo,0.48,0.35,0.36,0.07,1.28
1539,1555,1557,Pokemon Mystery Dungeon: Gates to Infinity,3DS,2012,Role-Playing,Nintendo,0.44,0.3,0.47,0.06,1.27
1544,1560,1562,Hogan's Alley,NES,1984,Shooter,Nintendo,0.68,0.16,0.41,0.02,1.27
1558,1574,1576,Hyrule Warriors,WiiU,2014,Action,Nintendo,0.61,0.42,0.13,0.1,1.26
1574,1591,1593,Pokemon XD: Gale of Darkness,GC,2005,Role-Playing,Nintendo,0.71,0.19,0.31,0.03,1.25
1584,1601,1603,Diddy Kong Racing DS,DS,2007,Racing,Nintendo,1.1,0.04,0.0,0.1,1.24
1591,1608,1610,Tetris 2 (All region sales),GB,1992,Puzzle,Nintendo,0.56,0.22,0.43,0.03,1.24
1603,1620,1622,Kirby Tilt 'n' Tumble,GB,2000,Puzzle,Nintendo,0.29,0.17,0.75,0.02,1.23
1607,1624,1626,Donkey Kong Country 2,GBA,2004,Platform,Nintendo,0.79,0.27,0.12,0.04,1.23
1609,1626,1628,"WarioWare, Inc.: Mega MicroGame$",GBA,2003,Puzzle,Nintendo,0.4,0.11,0.7,0.02,1.23
1617,1634,1636,Mario Power Tennis,GC,2004,Sports,Nintendo,0.58,0.16,0.46,0.03,1.22
1619,1636,1638,Game & Watch Gallery 2,GB,1997,Misc,Nintendo,0.76,0.3,0.12,0.04,1.22
1620,1637,1639,Game & Watch Gallery 3,GB,1999,Misc,Nintendo,0.79,0.31,0.08,0.04,1.22
1627,1644,1646,Golden Sun: The Lost Age,GBA,2002,Role-Playing,Nintendo,0.61,0.27,0.27,0.07,1.22
1650,1669,1671,Pikmin 2,GC,2004,Strategy,Nintendo,0.48,0.13,0.56,0.03,1.2
1659,1678,1680,SolarStriker,GB,1989,Shooter,Nintendo,0.4,0.39,0.36,0.04,1.2
1662,1681,1683,Mario vs. Donkey Kong 2: March of the Minis,DS,2006,Puzzle,Nintendo,0.74,0.03,0.36,0.07,1.2
1663,1682,1684,Pok?Park Wii: Pikachu's Adventure,Wii,2009,Adventure,Nintendo,0.55,0.17,0.42,0.06,1.2
1668,1687,1689,Captain Toad: Treasure Tracker,WiiU,2014,Puzzle,Nintendo,0.56,0.36,0.19,0.09,1.19
1675,1694,1696,Kobe Bryant in NBA Courtside,N64,1998,Sports,Nintendo,1.02,0.13,0.04,0.01,1.19
1680,1700,1702,Final Fantasy I & II: Dawn of Souls,GBA,2004,Role-Playing,Nintendo,0.64,0.24,0.29,0.02,1.19
1682,1702,1704,Pokemon Super Mystery Dungeon,3DS,2015,Role-Playing,Nintendo,0.46,0.31,0.33,0.08,1.19
1690,1710,1712,Mario Tennis,GB,2000,Sports,Nintendo,0.5,0.18,0.44,0.06,1.18
1703,1723,1725,Wario Land: Shake It!,Wii,2008,Platform,Nintendo,0.6,0.31,0.15,0.11,1.17
1718,1738,1740,Mario vs. Donkey Kong,GBA,2004,Puzzle,Nintendo,0.68,0.25,0.21,0.02,1.17
1730,1750,1752,Jet Force Gemini,N64,1999,Shooter,Nintendo,0.78,0.28,0.07,0.02,1.16
1750,1770,1772,Qix,GB,1990,Puzzle,Nintendo,0.51,0.2,0.41,0.03,1.15
1755,1775,1777,Donkey Konga,GC,2003,Misc,Nintendo,0.5,0.16,0.46,0.03,1.15
1761,1781,1783,Pokemon Rumble Blast,3DS,2011,Action,Nintendo,0.47,0.26,0.35,0.07,1.14
1772,1792,1794,Pilotwings,SNES,1990,Simulation,Nintendo,0.46,0.17,0.48,0.02,1.14
1774,1794,1796,Super R.C. Pro-Am,GB,1991,Racing,Nintendo,0.58,0.37,0.15,0.04,1.14
1786,1806,1808,Fantasy Life,3DS,2012,Role-Playing,Nintendo,0.33,0.37,0.37,0.06,1.13
1789,1809,1811,Donkey Kong,NES,1983,Platform,Nintendo,0.23,0.05,0.84,0.01,1.13
1794,1814,1816,Pok?mon Mystery Dungeon: Red Rescue Team (US weekly sales),GBA,2005,Role-Playing,Nintendo,0.81,0.3,0.0,0.02,1.13
1799,1819,1821,Pilotwings 64,N64,1996,Simulation,Nintendo,0.56,0.24,0.3,0.02,1.12
1807,1827,1829,Yoshi's Cookie,NES,1992,Puzzle,Nintendo,0.41,0.06,0.63,0.02,1.12
1818,1839,1841,Donkey Kong Jr.,NES,1983,Platform,Nintendo,0.33,0.07,0.7,0.01,1.11
1822,1843,1845,Pikmin 3,WiiU,2013,Strategy,Nintendo,0.45,0.31,0.29,0.06,1.11
1829,1850,1852,The Legend of Zelda: Tri Force Heroes,3DS,2015,Action,Nintendo,0.52,0.33,0.17,0.08,1.1
1839,1860,1862,F-Zero X,N64,1998,Racing,Nintendo,0.45,0.33,0.29,0.03,1.1
1840,1861,1863,Popeye,NES,1983,Platform,Nintendo,0.51,0.12,0.45,0.02,1.1
1845,1866,1868,Tales of Symphonia,GC,2003,Role-Playing,Nintendo,0.54,0.21,0.31,0.04,1.1
1869,1890,1892,Endless Ocean,Wii,2007,Adventure,Nintendo,0.44,0.47,0.09,0.09,1.09
1888,1909,1911,LEGO City Undercover,WiiU,2013,Platform,Nintendo,0.47,0.4,0.13,0.08,1.08
1893,1914,1916,Star Fox: Assault,GC,2005,Shooter,Nintendo,0.68,0.18,0.19,0.03,1.08
1906,1927,1929,Super Princess Peach,DS,2005,Platform,Nintendo,0.72,0.06,0.21,0.07,1.07
1965,1986,1988,Pokemon Conquest,DS,2012,Role-Playing,Nintendo,0.58,0.06,0.37,0.04,1.05
1975,1997,1999,Naruto: Clash of Ninja 2,GC,2003,Fighting,Nintendo,0.44,0.12,0.45,0.03,1.04
1978,2000,2002,F-Zero: Maximum Velocity,GBA,2001,Racing,Nintendo,0.39,0.16,0.37,0.12,1.04
1984,2006,2008,Kirby: Mass Attack,DS,2011,Platform,Nintendo,0.52,0.06,0.41,0.05,1.04
2018,2041,2043,Bayonetta 2,WiiU,2014,Action,Nintendo,0.34,0.28,0.1,0.3,1.01
2037,2060,2062,Excitebike 64,N64,2000,Racing,Nintendo,0.65,0.15,0.19,0.01,1.0
2038,2061,2063,NES Open Tournament Golf,NES,1991,Sports,Nintendo,0.41,0.1,0.47,0.02,1.0
2039,2062,2064,Game & Watch Gallery,GB,1997,Misc,Nintendo,0.63,0.25,0.09,0.03,1.0
2083,2107,2109,Xenoblade Chronicles,Wii,2010,Role-Playing,Nintendo,0.49,0.26,0.16,0.08,0.98
2085,2109,2111,Mario Party Advance,GBA,2005,Misc,Nintendo,0.5,0.19,0.28,0.02,0.98
2087,2111,2113,Tetris 2,NES,1993,Puzzle,Nintendo,0.62,0.13,0.21,0.02,0.98
2107,2133,2135,Fire Emblem,GBA,2003,Strategy,Nintendo,0.49,0.18,0.29,0.01,0.97
2141,2169,2171,PilotWings Resort,3DS,2011,Simulation,Nintendo,0.4,0.36,0.13,0.07,0.96
2164,2193,2195,Wii Play: Motion,Wii,2011,Misc,Nintendo,0.24,0.43,0.18,0.09,0.95
2168,2197,2199,Star Fox 64 3D,3DS,2011,Shooter,Nintendo,0.48,0.27,0.13,0.07,0.94
2175,2204,2206,Mario Tennis Open,3DS,2012,Sports,Nintendo,0.26,0.29,0.33,0.05,0.94
2183,2212,2214,The Legend of Zelda: Twilight Princess HD,WiiU,2016,Action,Nintendo,0.48,0.3,0.08,0.08,0.94
2229,2259,2261,Balloon Fight,NES,1985,Platform,Nintendo,0.39,0.09,0.43,0.01,0.92
2231,2261,2263,Disney Magical World,3DS,2013,Adventure,Nintendo,0.16,0.2,0.53,0.03,0.92
2286,2318,2320,Fossil Fighters,DS,2008,Role-Playing,Nintendo,0.84,0.0,0.0,0.06,0.9
2301,2333,2335,Classic NES Series: The Legend of Zelda,GBA,2004,Adventure,Nintendo,0.46,0.17,0.24,0.02,0.89
2303,2335,2337,Fire Emblem: The Sacred Stones,GBA,2004,Strategy,Nintendo,0.42,0.16,0.3,0.02,0.89
2304,2336,2338,Pokemon Card GB2: Here Comes Team GR!,GB,2001,Strategy,Nintendo,0.0,0.0,0.89,0.0,0.89
2316,2348,2350,Wii Fit U,WiiU,2013,Sports,Nintendo,0.39,0.24,0.21,0.06,0.89
2333,2365,2367,Endless Ocean: Blue World,Wii,2009,Simulation,Nintendo,0.47,0.22,0.12,0.07,0.88
2389,2423,2425,The Legendary Starfy,DS,2008,Platform,Nintendo,0.61,0.0,0.2,0.05,0.86
2414,2448,2450,Kirby: Planet Robobot,3DS,2016,Action,Nintendo,0.26,0.1,0.44,0.04,0.85
2420,2454,2456,Golden Sun: Dark Dawn,DS,2010,Role-Playing,Nintendo,0.56,0.11,0.13,0.05,0.84
2425,2459,2461,Xenoblade Chronicles X,WiiU,2015,Role-Playing,Nintendo,0.36,0.28,0.14,0.06,0.84
2440,2474,2476,Metroid: Zero Mission,GBA,2004,Adventure,Nintendo,0.6,0.22,0.0,0.01,0.84
2477,2513,2515,Clu Clu Land,NES,1984,Puzzle,Nintendo,0.42,0.1,0.28,0.02,0.82
2478,2514,2516,Killer Instinct Gold,N64,1996,Fighting,Nintendo,0.61,0.19,0.0,0.01,0.82
2503,2540,2542,The Legend of Zelda: Four Swords Adventures,GC,2004,Action,Nintendo,0.63,0.16,0.0,0.02,0.81
2513,2550,2552,EarthBound,SNES,1994,Role-Playing,Nintendo,0.0,0.0,0.81,0.0,0.81
2552,2590,2592,Mario & Sonic at the Sochi 2014 Olympic Winter Games,WiiU,2013,Sports,Nintendo,0.39,0.22,0.13,0.06,0.8
2554,2592,2594,Capcom's Soccer Shootout,SNES,1993,Sports,Nintendo,0.0,0.0,0.8,0.0,0.8
2580,2618,2620,Major League Baseball Featuring Ken Griffey Jr,N64,1998,Sports,Nintendo,0.75,0.03,0.0,0.01,0.79
2586,2624,2626,Personal Trainer: Walking,DS,2008,Sports,Nintendo,0.22,0.32,0.17,0.07,0.79
2588,2626,2628,PokePark 2: Wonders Beyond,Wii,2011,Action,Nintendo,0.27,0.2,0.27,0.05,0.79
2589,2627,2629,Professor Layton and the Azran Legacy,3DS,2013,Puzzle,Nintendo,0.0,0.48,0.25,0.06,0.78
2594,2632,2634,Metroid Prime Hunters,DS,2006,Shooter,Nintendo,0.58,0.04,0.11,0.06,0.78
2604,2642,2644,Tetris Party Deluxe,DS,2010,Puzzle,Nintendo,0.29,0.3,0.12,0.07,0.78
2643,2681,2683,Pokemon Dash,DS,2004,Racing,Nintendo,0.21,0.14,0.38,0.04,0.77
2644,2682,2684,Donkey Kong Country 3,GBA,2005,Platform,Nintendo,0.45,0.17,0.14,0.01,0.77
2725,2763,2765,Jump Ultimate Stars,DS,2006,Fighting,Nintendo,0.0,0.0,0.74,0.0,0.74
2733,2771,2773,Mario & Luigi: Paper Jam,3DS,2015,Role-Playing,Nintendo,0.16,0.3,0.25,0.04,0.74
2750,2790,2792,Sword of Mana,GBA,2003,Role-Playing,Nintendo,0.31,0.11,0.3,0.02,0.74
2756,2796,2798,Classic NES Series: Donkey Kong,GBA,2004,Platform,Nintendo,0.4,0.15,0.17,0.01,0.73
2758,2798,2800,Yoshi,GB,1991,Puzzle,Nintendo,0.0,0.0,0.73,0.0,0.73
2762,2802,2804,Kirby: Canvas Curse,DS,2005,Platform,Nintendo,0.37,0.0,0.32,0.04,0.73
2764,2804,2806,Practise English!,DS,2007,Misc,Nintendo,0.0,0.0,0.73,0.0,0.73
2772,2812,2814,Just Dance Wii,Wii,2011,Misc,Nintendo,0.0,0.0,0.73,0.0,0.73
2782,2822,2824,Style Savvy: Trendsetters,3DS,2012,Simulation,Nintendo,0.16,0.02,0.53,0.01,0.72
2809,2850,2852,Monster Hunter Tri,WiiU,2012,Role-Playing,Nintendo,0.26,0.19,0.22,0.04,0.72
2841,2882,2884,Rhythm Heaven: The Best+,3DS,2015,Misc,Nintendo,0.0,0.0,0.71,0.0,0.71
2844,2885,2887,Blast Corps,N64,1997,Action,Nintendo,0.39,0.09,0.17,0.06,0.71
2847,2888,2890,"WarioWare, Inc.: Mega Party Game$",GC,2003,Puzzle,Nintendo,0.2,0.05,0.44,0.02,0.71
2882,2923,2925,Advance Wars,GBA,2001,Strategy,Nintendo,0.5,0.19,0.0,0.01,0.7
2896,2937,2939,Classic NES Series: Zelda II: The Adventure of Link,GBA,2004,Adventure,Nintendo,0.37,0.14,0.17,0.01,0.7
2897,2938,2940,Fire Emblem: Monsh? no Nazo,SNES,1994,Role-Playing,Nintendo,0.0,0.0,0.7,0.0,0.7
2912,2954,2956,Mario Pinball Land,GBA,2004,Misc,Nintendo,0.5,0.18,0.0,0.01,0.69
2923,2965,2967,Nintendo Presents: New Style Boutique 2 - Fashion Forward,3DS,2015,Misc,Nintendo,0.01,0.61,0.02,0.04,0.69
2931,2973,2975,Kirby's Dream Collection: Special Edition,Wii,2012,Action,Nintendo,0.34,0.0,0.33,0.02,0.68
2934,2976,2978,The Last Story,Wii,2011,Role-Playing,Nintendo,0.32,0.13,0.18,0.04,0.68
2946,2988,2990,Fossil Fighters: Champions,DS,2010,Role-Playing,Nintendo,0.32,0.0,0.34,0.02,0.68
2964,3006,3008,100 Classic Books,DS,2008,Misc,Nintendo,0.13,0.52,0.0,0.02,0.67
3032,3075,3077,Wario: Master of Disguise,DS,2007,Platform,Nintendo,0.28,0.02,0.33,0.03,0.66
3038,3081,3083,New Play Control! Pikmin,Wii,2008,Strategy,Nintendo,0.29,0.14,0.19,0.04,0.66
3058,3101,3103,F-Zero GX,GC,2003,Racing,Nintendo,0.41,0.11,0.12,0.02,0.65
3061,3104,3106,Yoshi Topsy-Turvy,GBA,2004,Platform,Nintendo,0.25,0.09,0.3,0.01,0.65
3070,3113,3115,Advance Wars 2: Black Hole Rising,GBA,2003,Strategy,Nintendo,0.47,0.17,0.0,0.01,0.65
3071,3114,3116,Fire Emblem: Shadow Dragon,DS,2008,Role-Playing,Nintendo,0.31,0.03,0.27,0.03,0.65
3128,3174,3176,Cruis'n World,N64,1998,Racing,Nintendo,0.59,0.04,0.0,0.01,0.64
3132,3178,3180,Donkey Kong Barrel Blast,Wii,2007,Racing,Nintendo,0.2,0.26,0.11,0.06,0.64
3167,3214,3216,Metroid Prime: Trilogy,Wii,2009,Shooter,Nintendo,0.43,0.05,0.0,0.14,0.63
3222,3271,3273,Mario's Picross,GB,1995,Puzzle,Nintendo,0.0,0.0,0.62,0.0,0.62
3253,3302,3304,Ganbaru Watashi no Kakei Diary,DS,2007,Misc,Nintendo,0.0,0.0,0.61,0.0,0.61
3255,3304,3306,New Play Control! Donkey Kong Jungle Beat,Wii,2008,Platform,Nintendo,0.24,0.17,0.14,0.05,0.61
3268,3317,3319,Final Fantasy IV Advance,GBA,2005,Role-Playing,Nintendo,0.27,0.1,0.22,0.01,0.61
3279,3328,3330,Game & Watch Gallery 4,GBA,2002,Misc,Nintendo,0.43,0.16,0.0,0.01,0.61
3284,3333,3335,New Play Control! Pikmin 2,Wii,2009,Strategy,Nintendo,0.11,0.14,0.33,0.02,0.6
3289,3338,3340,Wave Race: Blue Storm,GC,2001,Racing,Nintendo,0.4,0.1,0.09,0.02,0.6
3297,3347,3349,WarioWare D.I.Y.,DS,2009,Misc,Nintendo,0.18,0.19,0.2,0.04,0.6
3310,3360,3362,Mickey's Speedway USA,N64,2000,Racing,Nintendo,0.37,0.08,0.14,0.01,0.6
3331,3381,3383,Pokemon Trozei!,DS,2005,Puzzle,Nintendo,0.26,0.0,0.31,0.02,0.6
3384,3435,3437,Kirby's Dream Course,SNES,1994,Sports,Nintendo,0.0,0.0,0.59,0.0,0.59
3433,3485,3487,Fire Emblem: Seisen no Keifu,SNES,1996,Strategy,Nintendo,0.0,0.0,0.58,0.0,0.58
3443,3495,3497,Rooms: The Main Building,DS,2010,Adventure,Nintendo,0.1,0.41,0.01,0.06,0.58
3446,3498,3500,Tetris Party Deluxe,Wii,2010,Puzzle,Nintendo,0.34,0.17,0.02,0.05,0.58
3479,3532,3534,The Mysterious Murasame Castle,NES,1986,Action,Nintendo,0.0,0.0,0.57,0.0,0.57
3509,3562,3564,Donkey Kong Jungle Climber,DS,2007,Platform,Nintendo,0.26,0.04,0.24,0.03,0.56
3515,3568,3570,Classic NES Series: Dr. Mario,GBA,2004,Puzzle,Nintendo,0.31,0.11,0.13,0.01,0.56
3523,3576,3578,Hotel Dusk: Room 215,DS,2007,Adventure,Nintendo,0.27,0.05,0.22,0.03,0.56
3540,3593,3595,Xenoblade Chronicles,3DS,2015,Role-Playing,Nintendo,0.26,0.14,0.12,0.04,0.56
3546,3599,3601,Hamtaro: Ham-Hams Unite!,GB,2001,Role-Playing,Nintendo,0.0,0.0,0.56,0.0,0.56
3559,3612,3614,DS Bimoji Training,DS,2008,Misc,Nintendo,0.0,0.0,0.56,0.0,0.56
3588,3641,3643,Jump Super Stars,DS,2005,Fighting,Nintendo,0.0,0.0,0.55,0.0,0.55
3643,3696,3698,Excite Truck,Wii,2006,Racing,Nintendo,0.4,0.03,0.08,0.04,0.54
3655,3708,3710,Inazuma Eleven,DS,2008,Role-Playing,Nintendo,0.0,0.14,0.38,0.02,0.54
3669,3723,3725,Fire Emblem: Path of Radiance,GC,2005,Action,Nintendo,0.29,0.08,0.16,0.01,0.54
3686,3740,3742,Star Fox Command,DS,2006,Shooter,Nintendo,0.39,0.01,0.1,0.04,0.54
3689,3743,3745,Inazuma Eleven GO,3DS,2011,Role-Playing,Nintendo,0.0,0.05,0.48,0.0,0.54
3729,3785,3787,Kirby and the Rainbow Curse,WiiU,2015,Platform,Nintendo,0.23,0.14,0.12,0.04,0.53
3759,3815,3817,Picross 3D,DS,2009,Puzzle,Nintendo,0.3,0.03,0.16,0.03,0.53
3763,3819,3821,Wayne Gretzky's 3D Hockey,N64,1996,Sports,Nintendo,0.49,0.03,0.0,0.0,0.53
3766,3822,3824,Mario Tennis: Power Tour,GBA,2005,Sports,Nintendo,0.24,0.09,0.19,0.01,0.52
3774,3830,3832,Naruto Shippuden: Clash of Ninja Revolution 3,Wii,2009,Fighting,Nintendo,0.45,0.04,0.0,0.04,0.52
3809,3865,3867,Kenkou Ouen Recipe 1000: DS Kondate Zenshuu,DS,2006,Misc,Nintendo,0.0,0.0,0.52,0.0,0.52
3838,3895,3897,Jam With the Band,DS,2008,Misc,Nintendo,0.0,0.0,0.51,0.0,0.51
3845,3902,3904,Fire Emblem: Radiant Dawn,Wii,2007,Strategy,Nintendo,0.28,0.03,0.17,0.03,0.51
3850,3907,3909,Wrecking Crew,NES,1985,Platform,Nintendo,0.0,0.0,0.51,0.0,0.51
3866,3923,3925,Picross DS,DS,2007,Puzzle,Nintendo,0.17,0.02,0.3,0.02,0.51
3921,3979,3981,Tactics Ogre: The Knight of Lodis,GBA,2001,Role-Playing,Nintendo,0.13,0.05,0.31,0.01,0.5
3922,3980,3982,Fortune Street,Wii,2011,Misc,Nintendo,0.27,0.04,0.17,0.02,0.5
3983,4041,4043,Mario & Wario,SNES,1993,Puzzle,Nintendo,0.0,0.0,0.49,0.0,0.49
3986,4044,4046,Pokemon Art Academy,3DS,2014,Misc,Nintendo,0.18,0.12,0.16,0.03,0.49
4014,4072,4074,Steel Diver,3DS,2011,Action,Nintendo,0.31,0.1,0.05,0.03,0.49
4029,4087,4089,Children of Mana,DS,2006,Role-Playing,Nintendo,0.16,0.01,0.29,0.02,0.48
4033,4091,4093,Mario Golf: World Tour,3DS,2014,Sports,Nintendo,0.15,0.14,0.17,0.03,0.48
4070,4128,4130,FlingSmash,Wii,2010,Action,Nintendo,0.38,0.01,0.07,0.02,0.48
4091,4150,4152,Bravely Second: End Layer,3DS,2015,Role-Playing,Nintendo,0.16,0.11,0.18,0.03,0.47
4114,4174,4176,Densetsu no Stafi,GBA,2002,Platform,Nintendo,0.0,0.0,0.46,0.01,0.47
4126,4186,4188,Bomberman Hero,N64,1998,Platform,Nintendo,0.27,0.06,0.08,0.05,0.47
4160,4221,4223,Dance Dance Revolution: Mario Mix,GC,2005,Misc,Nintendo,0.36,0.09,0.0,0.01,0.47
4168,4229,4231,Classic NES Series: Pac-Man,GBA,2004,Puzzle,Nintendo,0.25,0.09,0.12,0.01,0.46
4185,4247,4249,Art Academy: Lessons for Everyone,3DS,2012,Action,Nintendo,0.2,0.03,0.21,0.02,0.46
4199,4261,4263,Mario & Sonic at the Rio 2016 Olympic Games,3DS,2016,Action,Nintendo,0.04,0.16,0.24,0.01,0.46
4234,4296,4298,Mother 1+2,GBA,2003,Role-Playing,Nintendo,0.0,0.0,0.45,0.01,0.46
4237,4299,4301,Puzzle & Dragons Z + Super Mario Bros. Edition,3DS,2015,Puzzle,Nintendo,0.05,0.05,0.34,0.01,0.46
4296,4359,4361,Samurai Warriors 3,Wii,2009,Action,Nintendo,0.1,0.02,0.32,0.01,0.45
4302,4365,4367,Pokemon Puzzle League,N64,2000,Puzzle,Nintendo,0.36,0.08,0.0,0.01,0.45
4335,4400,4402,Mario Tennis Ultra Smash,WiiU,2015,Sports,Nintendo,0.13,0.16,0.13,0.03,0.45
4339,4404,4406,Mario Golf: Advance Tour,GBA,2004,Sports,Nintendo,0.32,0.12,0.0,0.01,0.45
4372,4437,4439,Densetsu no Stafi 2,GBA,2003,Platform,Nintendo,0.0,0.0,0.43,0.01,0.44
4388,4453,4455,Sin and Punishment: Star Successor,Wii,2009,Shooter,Nintendo,0.2,0.14,0.06,0.04,0.44
4402,4467,4469,Wario World,GC,2003,Platform,Nintendo,0.34,0.09,0.0,0.01,0.44
4410,4477,4479,Eternal Darkness: Sanity's Requiem,GC,2002,Adventure,Nintendo,0.34,0.09,0.0,0.01,0.44
4422,4489,4491,Master of Illusion,DS,2006,Puzzle,Nintendo,0.16,0.0,0.26,0.01,0.44
4425,4492,4494,Classic NES Series: Metroid,GBA,2004,Adventure,Nintendo,0.26,0.1,0.07,0.01,0.43
4464,4532,4534,Mischief Makers,N64,1997,Platform,Nintendo,0.25,0.06,0.07,0.06,0.43
4519,4588,4590,Famicom Mini: Super Mario Bros. 2,GBA,2004,Platform,Nintendo,0.0,0.0,0.41,0.01,0.42
4554,4623,4625,Dr. Mario 64,N64,2001,Puzzle,Nintendo,0.34,0.07,0.0,0.0,0.42
4583,4653,4655,Zack & Wiki: Quest for Barbaros' Treasure,Wii,2007,Adventure,Nintendo,0.18,0.17,0.03,0.04,0.42
4587,4657,4659,Animal Crossing: Amiibo Festival,WiiU,2015,Misc,Nintendo,0.19,0.11,0.09,0.03,0.42
4588,4658,4660,Hyrule Warriors,3DS,2016,Action,Nintendo,0.16,0.12,0.11,0.03,0.42
4657,4728,4730,Ogre Battle 64: Person of Lordly Caliber,N64,1999,Role-Playing,Nintendo,0.1,0.02,0.25,0.04,0.41
4673,4744,4746,The Wonderful 101,WiiU,2013,Action,Nintendo,0.2,0.1,0.08,0.03,0.41
4694,4765,4767,Mario no Super Picross,SNES,1995,Puzzle,Nintendo,0.0,0.0,0.41,0.0,0.41
4711,4782,4784,Story of Seasons,3DS,2014,Simulation,Nintendo,0.0,0.13,0.26,0.01,0.4
4731,4804,4806,Advance Wars: Dual Strike,DS,2005,Strategy,Nintendo,0.3,0.03,0.04,0.03,0.4
4738,4811,4813,Battalion Wars,GC,2005,Strategy,Nintendo,0.25,0.07,0.07,0.01,0.4
4753,4826,4828,RR64: Ridge Racer 64,N64,1999,Racing,Nintendo,0.32,0.07,0.0,0.0,0.4
4774,4847,4849,Mother 3,GBA,2006,Role-Playing,Nintendo,0.0,0.0,0.39,0.01,0.4
4779,4852,4854,Wii Sports Club,WiiU,2014,Sports,Nintendo,0.19,0.14,0.04,0.03,0.4
4827,4902,4904,Fire Emblem: Fuuin no Tsurugi,GBA,2002,Role-Playing,Nintendo,0.0,0.0,0.39,0.0,0.39
4838,4913,4915,Donkey Konga 2,GC,2004,Misc,Nintendo,0.3,0.08,0.0,0.01,0.39
4846,4921,4923,Mystery Case Files: The Malgrave Incident,Wii,2011,Adventure,Nintendo,0.19,0.17,0.0,0.03,0.39
4847,4922,4924,Yoshi Touch & Go,DS,2005,Platform,Nintendo,0.34,0.02,0.0,0.03,0.39
4856,4931,4933,Custom Robo V2,N64,2000,Fighting,Nintendo,0.0,0.0,0.34,0.05,0.39
4859,4935,4937,Chibi-Robo! Plug into Adventure!,GC,2005,Adventure,Nintendo,0.23,0.06,0.09,0.01,0.39
4905,4981,4983,Super Soccer,SNES,1991,Sports,Nintendo,0.0,0.0,0.38,0.0,0.38
4907,4983,4985,Wario Land II (GBC),GB,1998,Platform,Nintendo,0.0,0.0,0.38,0.0,0.38
4952,5028,5030,Elite Beat Agents,DS,2006,Misc,Nintendo,0.31,0.03,0.0,0.03,0.38
4974,5050,5052,Pokemon Channel,GC,2003,Adventure,Nintendo,0.24,0.06,0.07,0.01,0.38
5050,5128,5130,Custom Robo,GC,2004,Role-Playing,Nintendo,0.29,0.07,0.0,0.01,0.37
5055,5133,5135,Pac-Man World 2,GC,2002,Action,Nintendo,0.28,0.07,0.0,0.01,0.37
5068,5146,5148,Trauma Center: Under the Knife,DS,2005,Simulation,Nintendo,0.3,0.01,0.02,0.03,0.37
5111,5191,5193,Hamtaro: Ham-Ham Heartbreak,GBA,2002,Action,Nintendo,0.26,0.1,0.0,0.01,0.36
5118,5200,5202,Kirby's Dream Land 3,SNES,1997,Platform,Nintendo,0.0,0.0,0.36,0.0,0.36
5124,5206,5208,Tetrisphere,N64,1997,Puzzle,Nintendo,0.29,0.06,0.0,0.0,0.36
5183,5266,5268,Trauma Center: Second Opinion,Wii,2006,Simulation,Nintendo,0.28,0.02,0.03,0.03,0.35
5189,5272,5274,Picross 2,GB,1996,Puzzle,Nintendo,0.0,0.0,0.35,0.0,0.35
5191,5274,5276,Battalion Wars 2,Wii,2007,Strategy,Nintendo,0.22,0.03,0.08,0.02,0.35
5204,5287,5289,Fossil Fighters: Frontier,3DS,2014,Role-Playing,Nintendo,0.08,0.04,0.23,0.01,0.35
5205,5288,5290,Star Fox: Zero,WiiU,2016,Shooter,Nintendo,0.16,0.1,0.07,0.03,0.35
5208,5291,5293,Stunt Race FX,SNES,1993,Racing,Nintendo,0.0,0.0,0.35,0.0,0.35
5275,5359,5361,Etrian Odyssey,DS,2007,Role-Playing,Nintendo,0.2,0.03,0.09,0.02,0.34
5277,5361,5363,Classic NES Series: Ice Climber,GBA,2004,Platform,Nintendo,0.1,0.04,0.2,0.01,0.34
5362,5446,5448,Pandora's Tower,Wii,2011,Role-Playing,Nintendo,0.13,0.1,0.08,0.03,0.33
5383,5467,5469,Planet Puzzle League,DS,2007,Puzzle,Nintendo,0.14,0.01,0.16,0.01,0.33
5417,5501,5503,Classic NES Series: Castlevania,GBA,2004,Platform,Nintendo,0.17,0.06,0.09,0.01,0.33
5482,5567,5569,Dr. Mario / Puzzle League,GBA,2005,Puzzle,Nintendo,0.12,0.04,0.16,0.01,0.33
5545,5632,5634,Kirby's Block Ball,GB,1995,Puzzle,Nintendo,0.0,0.0,0.32,0.0,0.32
5626,5716,5718,Mario Golf,GB,1999,Action,Nintendo,0.0,0.0,0.31,0.0,0.31
5668,5758,5760,Doubutsu no Mori,N64,2001,Simulation,Nintendo,0.0,0.0,0.26,0.05,0.31
5721,5813,5815,KuruKuru Kururin,GBA,2001,Puzzle,Nintendo,0.0,0.0,0.3,0.01,0.31
5736,5828,5830,Gameboy Gallery,GB,1995,Misc,Nintendo,0.0,0.0,0.3,0.0,0.3
5745,5837,5839,Trauma Center: New Blood,Wii,2007,Simulation,Nintendo,0.22,0.04,0.01,0.03,0.3
5747,5840,5842,NES Remix,WiiU,2014,Action,Nintendo,0.2,0.0,0.08,0.02,0.3
5762,5855,5857,Rhythm Tengoku,GBA,2006,Misc,Nintendo,0.0,0.0,0.3,0.01,0.3
5785,5880,5882,Fossil Fighters (JP sales),DS,2008,Role-Playing,Nintendo,0.0,0.0,0.3,0.0,0.3
5789,5884,5886,Glory of Heracles,DS,2008,Role-Playing,Nintendo,0.2,0.0,0.08,0.01,0.3
5850,5947,5949,Trace Memory,DS,2005,Adventure,Nintendo,0.15,0.01,0.12,0.01,0.3
5891,5988,5990,Punch-Out!!,Wii,2007,Sports,Nintendo,0.02,0.22,0.05,0.0,0.29
5930,6027,6029,The New Tetris,N64,1999,Puzzle,Nintendo,0.22,0.05,0.02,0.0,0.29
5931,6028,6030,Ken Griffey Jr.'s Slugfest,N64,1999,Sports,Nintendo,0.23,0.06,0.0,0.0,0.29
5946,6044,6046,Just Dance Wii 2,Wii,2012,Misc,Nintendo,0.0,0.0,0.29,0.0,0.29
6000,6098,6100,Battle & Get! Pokemon Typing DS,DS,2011,Misc,Nintendo,0.0,0.0,0.29,0.0,0.29
6003,6101,6103,Tales of Phantasia,GBA,2003,Role-Playing,Nintendo,0.08,0.03,0.17,0.01,0.29
6045,6144,6146,Final Fantasy VI Advance,GBA,2006,Role-Playing,Nintendo,0.0,0.0,0.28,0.01,0.28
6055,6155,6157,Mega Man: Dr. Wily's Revenge,GB,1991,Platform,Nintendo,0.0,0.0,0.28,0.0,0.28
6064,6164,6166,Mega Man II,GB,1991,Platform,Nintendo,0.0,0.0,0.28,0.0,0.28
6081,6181,6183,Sing Party,WiiU,2012,Misc,Nintendo,0.13,0.12,0.0,0.02,0.28
6129,6231,6233,Pokemon Box: Ruby & Sapphire,GC,2003,Misc,Nintendo,0.0,0.0,0.27,0.01,0.28
6153,6255,6257,Donkey Kong GB: Dinky Kong & Dixie Kong,GB,2000,Platform,Nintendo,0.0,0.0,0.28,0.0,0.28
6155,6257,6259,ExciteBots: Trick Racing,Wii,2009,Racing,Nintendo,0.26,0.0,0.0,0.02,0.28
6161,6263,6265,Moero! Nekketsu Rhythm Damashii: Osu! Tatakae! Ouendan! 2,DS,2007,Misc,Nintendo,0.0,0.0,0.27,0.0,0.27
6201,6305,6307,Baten Kaitos: Eternal Wings and the Lost Ocean,GC,2003,Role-Playing,Nintendo,0.21,0.05,0.0,0.01,0.27
6239,6346,6348,Command & Conquer,N64,1999,Strategy,Nintendo,0.22,0.05,0.0,0.0,0.27
6242,6349,6351,Tohoku Daigaku Karei Igaku Kenkyuusho - Kawashima Ryuuta Kyouju Kanshuu - Mono Sugoku Nou o Kitaeru 5-Funkan no Oni Training,3DS,2012,Action,Nintendo,0.0,0.0,0.27,0.0,0.27
6263,6370,6372,Magical Vacation,GBA,2001,Role-Playing,Nintendo,0.0,0.0,0.26,0.01,0.27
6270,6377,6379,America's Test Kitchen: Let's Get Cooking,DS,2010,Simulation,Nintendo,0.25,0.0,0.0,0.02,0.27
6272,6379,6381,Fire Emblem: Shin Monshou no Nazo Hikari to Kage no Eiyuu,DS,2010,Strategy,Nintendo,0.0,0.0,0.27,0.0,0.27
6368,6477,6479,DS Bungaku Zenshuu,DS,2007,Misc,Nintendo,0.0,0.0,0.26,0.0,0.26
6380,6489,6491,Inazuma Eleven Strikers,Wii,2011,Role-Playing,Nintendo,0.0,0.01,0.25,0.0,0.26
6382,6491,6493,Final Fantasy V Advance,GBA,2006,Role-Playing,Nintendo,0.0,0.0,0.26,0.01,0.26
6441,6551,6553,Polarium,DS,2004,Puzzle,Nintendo,0.13,0.01,0.11,0.01,0.26
6444,6554,6556,Classic NES Series: Bomberman,GBA,2004,Action,Nintendo,0.1,0.04,0.11,0.01,0.26
6471,6582,6584,Fire Emblem: Thracia 776,SNES,1999,Strategy,Nintendo,0.0,0.0,0.26,0.0,0.26
6477,6588,6590,Mario & Sonic at the Rio 2016 Olympic Games,WiiU,2016,Action,Nintendo,0.03,0.11,0.1,0.01,0.26
6490,6601,6603,Metroid Prime Pinball,DS,2005,Misc,Nintendo,0.21,0.0,0.02,0.02,0.26
6579,6692,6694,NBA Courtside 2 featuring Kobe Bryant,N64,1999,Sports,Nintendo,0.2,0.05,0.0,0.0,0.25
6590,6703,6705,Freshly-Picked: Tingle's Rosy Rupeeland,DS,2006,Role-Playing,Nintendo,0.0,0.01,0.24,0.0,0.25
6650,6763,6765,NBA Courtside 2002,GC,2002,Sports,Nintendo,0.19,0.05,0.0,0.01,0.25
6653,6766,6768,Classic NES Series: Excitebike,GBA,2004,Racing,Nintendo,0.11,0.04,0.1,0.01,0.25
6654,6767,6769,Classic NES Series: Xevious,GBA,2004,Shooter,Nintendo,0.08,0.03,0.12,0.01,0.25
6699,6814,6816,DK: King of Swing,GBA,2005,Platform,Nintendo,0.17,0.06,0.0,0.0,0.24
6769,6886,6888,Densetsu no Stafi 3,GBA,2004,Platform,Nintendo,0.0,0.0,0.23,0.01,0.24
6783,6900,6902,Chibi-Robo! Zip Lash,3DS,2015,Platform,Nintendo,0.09,0.08,0.06,0.02,0.24
6803,6921,6923,Game & Wario,WiiU,2013,Misc,Nintendo,0.06,0.06,0.11,0.01,0.24
6811,6930,6932,Nintendo Presents: Crossword Collection,DS,2009,Puzzle,Nintendo,0.0,0.21,0.0,0.02,0.24
6855,6977,6979,Girls Mode 3: Kirakira Code,3DS,2015,Action,Nintendo,0.0,0.0,0.23,0.0,0.23
6856,6978,6980,Meteos,DS,2005,Puzzle,Nintendo,0.15,0.01,0.06,0.01,0.23
6914,7037,7039,Last Window: The Secret of Cape West,DS,2010,Adventure,Nintendo,0.0,0.12,0.09,0.02,0.23
6942,7065,7067,Tetris 2 (weekly jp sales),GB,1992,Puzzle,Nintendo,0.0,0.0,0.23,0.0,0.23
6947,7070,7072,Naruto Shippuden: Ninja Council 4,DS,2007,Action,Nintendo,0.09,0.0,0.13,0.01,0.23
6957,7080,7082,Super Swing Golf,Wii,2006,Sports,Nintendo,0.14,0.01,0.07,0.01,0.23
6971,7094,7096,Super R-Type,SNES,1991,Shooter,Nintendo,0.0,0.0,0.23,0.0,0.23
6997,7120,7122,Tetris Attack,GB,1996,Puzzle,Nintendo,0.0,0.0,0.23,0.0,0.23
7051,7174,7176,Hamtaro: Ham-Ham Games,GBA,2004,Sports,Nintendo,0.16,0.06,0.0,0.0,0.22
7136,7262,7264,Kirby's Star Stacker,GB,1997,Puzzle,Nintendo,0.0,0.0,0.22,0.0,0.22
7142,7268,7270,Shin Megami Tensei x Fire Emblem,WiiU,2015,Role-Playing,Nintendo,0.1,0.04,0.06,0.01,0.22
7144,7270,7272,Disney's Magical Quest Starring Mickey and Minnie,GBA,2002,Action,Nintendo,0.16,0.06,0.0,0.0,0.22
7145,7271,7273,Spirit Camera: The Cursed Memoir,3DS,2012,Adventure,Nintendo,0.12,0.02,0.06,0.01,0.22
7156,7282,7284,Yoshi Touch & Go (JP sales),DS,2005,Platform,Nintendo,0.0,0.0,0.22,0.0,0.22
7164,7290,7292,Code Name: S.T.E.A.M.,3DS,2015,Strategy,Nintendo,0.14,0.05,0.01,0.02,0.22
7191,7317,7319,Are You Smarter Than a 5th Grader? Back to School,Wii,2010,Misc,Nintendo,0.2,0.0,0.0,0.02,0.21
7286,7417,7419,Heroes of Ruin,3DS,2012,Role-Playing,Nintendo,0.13,0.07,0.0,0.02,0.21
7307,7439,7441,Solatorobo: Red the Hunter,DS,2010,Role-Playing,Nintendo,0.08,0.04,0.07,0.01,0.21
7348,7481,7483,Little Battlers eXperience: Baku Boost,3DS,2012,Action,Nintendo,0.0,0.0,0.21,0.0,0.21
7372,7505,7507,Trade & Battle: Card Hero,GB,2000,Strategy,Nintendo,0.0,0.0,0.2,0.0,0.2
7411,7544,7546,Tekken 3D: Prime Edition,3DS,2012,Fighting,Nintendo,0.06,0.08,0.05,0.01,0.2
7607,7743,7745,Ninja Gaiden 3,WiiU,2012,Action,Nintendo,0.15,0.03,0.0,0.02,0.19
7665,7801,7803,Disney's Magical Mirror Starring Mickey Mouse,GC,2002,Adventure,Nintendo,0.15,0.04,0.0,0.01,0.19
7730,7866,7868,Disney Magic World 2,3DS,2015,Action,Nintendo,0.0,0.0,0.19,0.0,0.19
7765,7901,7903,Active Health with Carol Vorderman,DS,2009,Sports,Nintendo,0.0,0.18,0.0,0.01,0.19
7778,7915,7917,Sudoku Gridmaster (JP sales),DS,2006,Puzzle,Nintendo,0.0,0.0,0.19,0.0,0.19
7790,7927,7929,Daigasso! Band Brothers,DS,2004,Misc,Nintendo,0.0,0.0,0.19,0.0,0.19
7808,7945,7947,Face Training,DS,2007,Misc,Nintendo,0.0,0.0,0.19,0.0,0.19
7838,7977,7979,Magical Starsign (US sales),DS,2006,Role-Playing,Nintendo,0.16,0.03,0.0,0.0,0.19
7898,8037,8039,GameBoy Wars,GB,1991,Strategy,Nintendo,0.0,0.0,0.18,0.0,0.18
7937,8077,8079,Pok?mon I Choose You / Squirtle Squad Game Boy Advance Video,GBA,2004,Misc,Nintendo,0.13,0.05,0.0,0.0,0.18
7977,8118,8120,Daigasso! Band Brothers P,3DS,2013,Misc,Nintendo,0.0,0.0,0.18,0.0,0.18
8129,8274,8276,Sudoku Gridmaster,DS,2006,Puzzle,Nintendo,0.13,0.03,0.0,0.01,0.17
8194,8343,8345,Pok?mon Beach Blank-out Blastoise / Go West Young Meowth Game Boy Advance Video,GBA,2004,Misc,Nintendo,0.12,0.05,0.0,0.0,0.17
8245,8396,8398,Custom Robo Arena,DS,2006,Fighting,Nintendo,0.02,0.02,0.12,0.0,0.17
8253,8404,8406,Densetsu no Stafi 4,DS,2006,Platform,Nintendo,0.0,0.0,0.17,0.0,0.17
8275,8426,8428,Street Fighter Alpha 2,SNES,1996,Fighting,Nintendo,0.0,0.0,0.17,0.0,0.17
8297,8449,8451,Itoi Shigesato no Bass Tsuri No. 1,SNES,1997,Sports,Nintendo,0.0,0.0,0.17,0.0,0.17
8298,8450,8452,Cubivore: Survival of the Fittest,GC,2002,Adventure,Nintendo,0.01,0.0,0.15,0.0,0.17
8342,8494,8496,True Swing Golf,DS,2005,Sports,Nintendo,0.11,0.0,0.04,0.01,0.16
8388,8541,8543,DS Rakubiki Jiten,DS,2005,Misc,Nintendo,0.0,0.0,0.16,0.0,0.16
8434,8588,8590,Starcraft 64,N64,2000,Strategy,Nintendo,0.13,0.03,0.0,0.0,0.16
8486,8641,8643,F-Zero: GP Legend,GBA,2003,Racing,Nintendo,0.11,0.04,0.0,0.0,0.16
8523,8678,8680,Culdcept,3DS,2012,Misc,Nintendo,0.0,0.0,0.16,0.0,0.16
8716,8875,8877,Tetris Attack,SNES,1995,Puzzle,Nintendo,0.0,0.0,0.15,0.0,0.15
8738,8898,8900,Geist,GC,2005,Adventure,Nintendo,0.11,0.03,0.0,0.0,0.15
8860,9022,9024,Okaeri! Chibi-Robo! Happy Richie Oosouji,DS,2009,Adventure,Nintendo,0.0,0.0,0.14,0.0,0.14
8888,9050,9052,Doshin the Giant,GC,2002,Simulation,Nintendo,0.0,0.0,0.14,0.0,0.14
8950,9113,9115,Mr. Driller: Drill Spirits,DS,2004,Puzzle,Nintendo,0.08,0.0,0.05,0.01,0.14
9118,9284,9286,Magnetica,DS,2006,Puzzle,Nintendo,0.08,0.01,0.03,0.01,0.14
9135,9301,9303,Kororinpa: Marble Mania,Wii,2006,Puzzle,Nintendo,0.08,0.02,0.03,0.01,0.14
9293,9461,9463,Illusion of Gaia,SNES,1993,Role-Playing,Nintendo,0.0,0.0,0.13,0.0,0.13
9310,9479,9481,Sin and Punishment,N64,2000,Shooter,Nintendo,0.0,0.0,0.13,0.0,0.13
9396,9567,9569,Pok?mon: For Ho-Oh the Bells Toll!: Game Boy Advance Video,GBA,2004,Misc,Nintendo,0.09,0.03,0.0,0.0,0.13
9563,9736,9738,Eyeshield 21: Max Devil Power,DS,2006,Role-Playing,Nintendo,0.0,0.0,0.12,0.0,0.12
9799,9980,9982,ASH: Archaic Sealed Heat,DS,2007,Role-Playing,Nintendo,0.0,0.0,0.12,0.0,0.12
9853,10035,10037,Pocket Soccer League: Calciobit,3DS,2012,Sports,Nintendo,0.0,0.0,0.11,0.0,0.11
9889,10072,10074,Fatal Frame: Maiden of Black Water,WiiU,2014,Action,Nintendo,0.0,0.03,0.08,0.0,0.11
9916,10099,10101,Zangeki no Reginleiv,Wii,2010,Action,Nintendo,0.0,0.0,0.11,0.0,0.11
9960,10143,10145,Kousoku Card Battle: Card Hero,DS,2007,Strategy,Nintendo,0.0,0.0,0.11,0.0,0.11
10013,10196,10198,Odama,GC,2006,Misc,Nintendo,0.07,0.02,0.02,0.0,0.11
10018,10201,10203,Soma Bringer,DS,2008,Role-Playing,Nintendo,0.0,0.0,0.11,0.0,0.11
10065,10248,10250,Famicom Mini: Famicom Tantei Club - Kieta Koukeisha Zenkouhen,GBA,2004,Adventure,Nintendo,0.0,0.0,0.11,0.0,0.11
10119,10303,10305,Irozuki Tingle no Koi no Balloon Trip,DS,2009,Adventure,Nintendo,0.0,0.0,0.11,0.0,0.11
10134,10318,10320,Picross 3D 2,3DS,2015,Puzzle,Nintendo,0.0,0.0,0.11,0.0,0.11
10156,10340,10342,Dynasty Warriors Advance,GBA,2005,Action,Nintendo,0.08,0.03,0.0,0.0,0.11
10166,10350,10352,Mega Man Battle Network 5: Double Team DS (JP sales),DS,2005,Role-Playing,Nintendo,0.0,0.0,0.11,0.0,0.11
10262,10448,10450,Fatal Frame 2: Wii Edition,Wii,2012,Action,Nintendo,0.0,0.0,0.1,0.0,0.1
10282,10469,10471,Mickey's Speedway USA (weekly JP sales),N64,2000,Racing,Nintendo,0.0,0.0,0.1,0.0,0.1
10388,10577,10579,Project Hacker: Kakusei,DS,2006,Action,Nintendo,0.0,0.0,0.1,0.0,0.1
10440,10629,10631,L'Aigle de Guerre,GBA,2001,Strategy,Nintendo,0.0,0.0,0.1,0.0,0.1
10515,10705,10707,Nihon Keizai Shinbunsha Kanshuu: Shiranai Mamade wa Son o Suru Mono ya Okane no Shikumi DS,DS,2009,Misc,Nintendo,0.0,0.0,0.1,0.0,0.1
10530,10720,10722,Famicom Mini: Famicom Tantei Club Part II - Ushiro ni Tatsu Shoujo Zenkouhen,GBA,2004,Adventure,Nintendo,0.0,0.0,0.1,0.0,0.1
10557,10747,10749,Famicom Mini: Mappy,GBA,2004,Platform,Nintendo,0.0,0.0,0.09,0.0,0.1
10591,10782,10784,Touch Mechanic,DS,2008,Simulation,Nintendo,0.09,0.0,0.0,0.01,0.1
10669,10862,10864,Terranigma,SNES,1995,Role-Playing,Nintendo,0.0,0.0,0.09,0.0,0.09
10730,10923,10925,Brain Age: Concentration Training,3DS,2012,Puzzle,Nintendo,0.09,0.0,0.0,0.01,0.09
10798,10992,10994,Pokemon Rumble World,3DS,2015,Action,Nintendo,0.0,0.01,0.08,0.0,0.09
10815,11010,11012,Disney Art Academy,3DS,2016,Action,Nintendo,0.01,0.01,0.07,0.0,0.09
10856,11051,11053,Inazuma Eleven 3,3DS,2013,Role-Playing,Nintendo,0.0,0.08,0.0,0.01,0.09
10919,11116,11118,Kurikin: Nano Island Story,DS,2007,Role-Playing,Nintendo,0.0,0.0,0.09,0.0,0.09
10993,11191,11193,Tabi no Yubisashi Kaiwachou DS: DS Series 4 America,DS,2006,Misc,Nintendo,0.0,0.0,0.09,0.0,0.09
11038,11236,11238,Just Dance Wii U,WiiU,2014,Misc,Nintendo,0.0,0.0,0.09,0.0,0.09
11073,11271,11273,Famicom Mini: Famicom Mukashi Banashi - Shin Oniga Shima Zenkouhen,GBA,2004,Adventure,Nintendo,0.0,0.0,0.08,0.0,0.08
11084,11282,11284,Famicom Mini: Mario Bros.,GBA,2004,Platform,Nintendo,0.0,0.0,0.08,0.0,0.08
11306,11509,11511,Famicom Mini: SD Gundam World Gachapon Senshi - Scramble Wars,GBA,2004,Strategy,Nintendo,0.0,0.0,0.08,0.0,0.08
11311,11514,11516,Famicom Mini: Star Soldier,GBA,2004,Shooter,Nintendo,0.0,0.0,0.08,0.0,0.08
11491,11698,11700,Minna no Joushiki Ryoku TV,Wii,2008,Misc,Nintendo,0.0,0.0,0.08,0.0,0.08
11513,11720,11722,Disaster: Day of Crisis,Wii,2008,Action,Nintendo,0.0,0.03,0.04,0.0,0.08
11551,11759,11761,Famicom Mini: Hikari Shinwa: Palutena no Kagami,GBA,2004,Platform,Nintendo,0.0,0.0,0.07,0.0,0.07
11672,11881,11883,Mega Man Battle Network 5: Double Team DS (US sales),DS,2005,Role-Playing,Nintendo,0.07,0.0,0.0,0.0,0.07
11692,11901,11903,DS Uranai Seikatsu,DS,2009,Misc,Nintendo,0.0,0.0,0.07,0.0,0.07
11712,11922,11924,Make 10: A Journey of Numbers,DS,2007,Puzzle,Nintendo,0.0,0.0,0.07,0.0,0.07
11713,11923,11925,Itoi Shigesato no Bass Tsuri No. 1 Ketteihan!,N64,2000,Sports,Nintendo,0.0,0.0,0.07,0.0,0.07
11716,11926,11928,Famicom Mini: Nazo no Murasame-Jou,GBA,2004,Action,Nintendo,0.0,0.0,0.07,0.0,0.07
11855,12069,12071,Famicom Mini: Wrecking Crew,GBA,2004,Puzzle,Nintendo,0.0,0.0,0.07,0.0,0.07
11909,12123,12125,Mario Tennis,Wii,2010,Sports,Nintendo,0.0,0.06,0.0,0.01,0.07
11935,12152,12154,Kanji Sonomama DS Rakubiki Jiten,DS,2006,Misc,Nintendo,0.0,0.0,0.07,0.0,0.07
12091,12312,12314,Another Code R: A Journey into Lost Memories,Wii,2009,Adventure,Nintendo,0.0,0.03,0.03,0.0,0.06
12113,12334,12336,Famicom Mini: Balloon Fight,GBA,2004,Action,Nintendo,0.0,0.0,0.06,0.0,0.06
12136,12357,12359,Osu! Tatakae! Ouendan,DS,2005,Misc,Nintendo,0.0,0.0,0.06,0.0,0.06
12152,12373,12375,Mario vs. Donkey Kong: Tipping Stars,3DS,2015,Puzzle,Nintendo,0.0,0.0,0.06,0.0,0.06
12205,12426,12428,Devil's Third,WiiU,2015,Action,Nintendo,0.04,0.02,0.0,0.01,0.06
12277,12499,12501,Eigo de Tabisuru: Little Charo,DS,2011,Misc,Nintendo,0.0,0.0,0.06,0.0,0.06
12395,12619,12621,Tabi no Yubisashi Kaiwachou DS: DS Series 3 Kankoku,DS,2006,Misc,Nintendo,0.0,0.0,0.06,0.0,0.06
12542,12770,12772,Dance Dance Revolution: Mario Mix (JP sales),GC,2005,Simulation,Nintendo,0.0,0.0,0.05,0.0,0.06
12720,12954,12956,Culdcept Revolt,3DS,2016,Strategy,Nintendo,0.0,0.0,0.05,0.0,0.05
12790,13024,13026,Mawashite Tsunageru Touch Panic,DS,2006,Puzzle,Nintendo,0.0,0.0,0.05,0.0,0.05
12841,13076,13078,Tabi no Yubisashi Kaiwachou DS: DS Series 2 Chuugoku,DS,2006,Misc,Nintendo,0.0,0.0,0.05,0.0,0.05
12954,13190,13192,QUIZ PARTY,Wii,2012,Misc,Nintendo,0.0,0.05,0.0,0.0,0.05
13077,13314,13316,Wii de Asobu Chibi-Robo!,Wii,2009,Adventure,Nintendo,0.0,0.0,0.05,0.0,0.05
13188,13425,13427,Tabi no Yubisashi Kaiwachou DS: DS Series 1 Thai,DS,2006,Misc,Nintendo,0.0,0.0,0.05,0.0,0.05
13253,13491,13493,Sekai no Gohan Shaberu! DS Oryouri Navi,DS,2008,Misc,Nintendo,0.0,0.0,0.04,0.0,0.04
13285,13523,13525,Minna ga Shuyaku no NHK Kouhaku Quiz Kassen,Wii,2009,Misc,Nintendo,0.0,0.0,0.04,0.0,0.04
13378,13617,13619,Hana to Ikimo no Rittai Zukan,3DS,2011,Misc,Nintendo,0.0,0.0,0.04,0.0,0.04
13401,13640,13642,Tabi no Yubisashi Kaiwachou DS: DS Series 5 Deutsch,DS,2006,Misc,Nintendo,0.0,0.0,0.04,0.0,0.04
13553,13796,13798,Famicom Mini: Clu Clu Land,GBA,2004,Puzzle,Nintendo,0.0,0.0,0.04,0.0,0.04
13643,13887,13889,Famicom Remix Best Choice,3DS,2015,Action,Nintendo,0.0,0.0,0.04,0.0,0.04
13703,13947,13949,Magical Starsign (JP sales),DS,2006,Role-Playing,Nintendo,0.0,0.0,0.04,0.0,0.04
13941,14192,14194,Electroplankton,DS,2005,Misc,Nintendo,0.01,0.0,0.02,0.0,0.03
14009,14260,14263,Suujin Taisen,DS,2007,Strategy,Nintendo,0.0,0.0,0.03,0.0,0.03
14048,14301,14304,Metroid Prime: Federation Force,3DS,2016,Action,Nintendo,0.02,0.01,0.01,0.0,0.03
14121,14376,14379,Eyeshield 21: Field Saikyou no Senshi Tachi,Wii,2007,Role-Playing,Nintendo,0.0,0.0,0.03,0.0,0.03
14184,14440,14443,Eyeshield 21: DevilBats DevilDays,GBA,2006,Role-Playing,Nintendo,0.0,0.0,0.03,0.0,0.03
14367,14626,14629,Calcio Bit,GBA,2006,Sports,Nintendo,0.0,0.0,0.03,0.0,0.03
14373,14632,14635,1000 Cooking Recipes from ELLE ? table,DS,2010,Misc,Nintendo,0.0,0.02,0.0,0.0,0.03
14701,14968,14971,Teddy Together,3DS,2016,Simulation,Nintendo,0.0,0.02,0.0,0.0,0.02
15557,15843,15846,Otona no Renai Shousetsu: Harlequin Selection,DS,2010,Misc,Nintendo,0.0,0.0,0.02,0.0,0.02
15700,15991,15994,Donkey Kong Jungle Beat,Wii,2008,Platform,Nintendo,0.0,0.01,0.0,0.0,0.01
15829,16123,16126,Nintendogs and Cats Golden Retriever and New Friends,3DS,2011,Action,Nintendo,0.0,0.01,0.0,0.0,0.01
15969,16269,16272,Slide Adventure: Mag Kid,DS,2007,Action,Nintendo,0.0,0.0,0.01,0.0,0.01
16055,16357,16360,Mario vs. Donkey Kong: Tipping Stars,WiiU,2015,Puzzle,Nintendo,0.0,0.0,0.01,0.0,0.01
16151,16456,16459,Art Academy: Home Studio,WiiU,2015,Misc,Nintendo,0.0,0.0,0.01,0.0,0.01
16168,16473,16476,Captain Rainbow,Wii,2008,Adventure,Nintendo,0.0,0.0,0.01,0.0,0.01
16235,16542,16545,Mario & Luigi: Paper Jam & Mario Kart 7 Double Pack,3DS,2015,Misc,Nintendo,0.0,0.0,0.01,0.0,0.01
